Homicide_2,Homicide_3,OBJECTID
0.0,0.0,1
0.0,0.0,2
1.0,0.0,3
0.0,0.0,4
0.0,5.0,5
0.0,0.0,6
0.0,0.0,7
0.0,0.0,8
0.0,0.0,9
1.0,0.0,10
0.0,0.0,11
0.0,0.0,12
0.0,0.0,13
0.0,0.0,14
0.0,0.0,15
0.0,0.0,16
0.0,0.0,17
0.0,0.0,18
0.0,0.0,19
0.0,0.0,20
0.0,0.0,21
0.0,0.0,22
1.0,0.0,23
0.0,0.0,24
1.0,1.0,25
0.0,0.0,26
0.0,1.0,27
0.0,1.0,28
0.0,0.0,29
1.0,0.0,30
2.0,1.0,31
3.0,1.0,32
0.0,0.0,33
1.0,0.0,34
2.0,0.0,35
0.0,0.0,36
0.0,0.0,37
1.0,1.0,38
0.0,0.0,39
0.0,1.0,40
0.0,0.0,41
1.0,0.0,42
0.0,0.0,43
1.0,1.0,44
1.0,0.0,45
0.0,1.0,46
0.0,1.0,47
0.0,3.0,48
0.0,0.0,49
1.0,0.0,50
0.0,1.0,51
1.0,0.0,52
0.0,2.0,53
1.0,0.0,54
0.0,0.0,55
2.0,0.0,56
0.0,1.0,57
0.0,0.0,58
0.0,0.0,59
0.0,0.0,60
0.0,0.0,61
0.0,0.0,62
0.0,2.0,63
0.0,1.0,64
0.0,2.0,65
1.0,1.0,66
0.0,0.0,67
0.0,1.0,68
2.0,1.0,69
0.0,2.0,70
1.0,1.0,71
0.0,1.0,72
0.0,0.0,73
0.0,0.0,74
0.0,0.0,75
1.0,0.0,76
0.0,0.0,77
0.0,0.0,78
1.0,1.0,79
0.0,0.0,80
0.0,4.0,81
0.0,0.0,82
0.0,0.0,83
0.0,0.0,84
0.0,0.0,85
1.0,0.0,86
0.0,0.0,87
0.0,0.0,88
0.0,0.0,89
2.0,0.0,90
2.0,0.0,91
0.0,0.0,92
0.0,7.0,93
4.0,2.0,94
3.0,2.0,95
3.0,3.0,96
4.0,4.0,97
2.0,1.0,98
1.0,5.0,99
1.0,1.0,100
3.0,6.0,101
2.0,4.0,102
3.0,2.0,103
1.0,1.0,104
0.0,1.0,105
2.0,2.0,106
3.0,1.0,107
6.0,4.0,108
2.0,4.0,109
0.0,2.0,110
1.0,0.0,111
0.0,2.0,112
2.0,0.0,113
3.0,2.0,114
4.0,2.0,115
1.0,4.0,116
3.0,1.0,117
2.0,2.0,118
0.0,0.0,119
0.0,0.0,120
0.0,1.0,121
0.0,0.0,122
0.0,0.0,123
0.0,0.0,124
0.0,0.0,125
0.0,0.0,126
1.0,1.0,127
0.0,0.0,128
1.0,1.0,129
0.0,1.0,130
2.0,6.0,131
1.0,2.0,132
2.0,0.0,133
2.0,7.0,134
1.0,0.0,135
2.0,4.0,136
0.0,1.0,137
0.0,0.0,138
0.0,1.0,139
0.0,0.0,140
0.0,0.0,141
0.0,0.0,142
0.0,0.0,143
0.0,2.0,144
0.0,0.0,145
1.0,0.0,146
1.0,0.0,147
0.0,0.0,148
0.0,0.0,149
3.0,2.0,150
4.0,0.0,151
0.0,0.0,152
3.0,0.0,153
4.0,1.0,154
2.0,1.0,155
0.0,0.0,156
0.0,0.0,157
0.0,0.0,158
0.0,5.0,159
4.0,1.0,160
3.0,0.0,161
0.0,0.0,162
0.0,0.0,163
0.0,0.0,164
0.0,3.0,165
1.0,2.0,166
3.0,0.0,167
1.0,1.0,168
0.0,1.0,169
0.0,0.0,170
0.0,0.0,171
2.0,7.0,172
0.0,0.0,173
0.0,2.0,174
1.0,0.0,175
0.0,0.0,176
1.0,2.0,177
0.0,0.0,178
0.0,1.0,179
